study_id,dataset,meas_year,nee,gpp,reco,flux_method,lat,long,permafrost,biome
99,Virk21,2007,-137.5855855,NA,NA,EC,68.35600281,19.04520988,Yes,Tundra
99,Virk21,2004,-128,NA,NA,EC,68.35600281,19.04520988,Yes,Tundra
99,Virk21,2008,-125.025641,NA,NA,EC,68.35600281,19.04520988,Yes,Tundra
99,Virk21,2006,-106.488189,NA,NA,EC,68.35600281,19.04520988,Yes,Tundra
99,Virk21,2005,-104.3214285,NA,NA,EC,68.35600281,19.04520988,Yes,Tundra
99,Virk21,2002,-92.8679245,NA,NA,EC,68.35600281,19.04520988,Yes,Tundra
99,Virk21,2003,-91.16363637,NA,NA,EC,68.35600281,19.04520988,Yes,Tundra
99,Virk21,2001,-80.04,NA,NA,EC,68.35600281,19.04520988,Yes,Tundra
99,Virk21,2009,-52.70053094,NA,NA,EC,68.35600281,19.04520988,Yes,Tundra
100,Virk21,2013,-100.19375,-331.63125,291.2375,EC,64.13083333,-51.38611111,No,Tundra
100,Virk21,2008,-89.55625,-266.65625,207.2875,EC,64.13083333,-51.38611111,No,Tundra
100,Virk21,2015,-87.0101695,-321.3762712,272.2576271,EC,64.13083333,-51.38611111,No,Tundra
100,Virk21,2012,-86.41012655,-368.2329114,325.1443038,EC,64.13083333,-51.38611111,No,Tundra
100,Virk21,2010,-74.8837209,-284.6651163,258.455814,EC,64.13083333,-51.38611111,No,Tundra
100,Virk21,2009,-62.1,-245.9647059,223.1,EC,64.13083333,-51.38611111,No,Tundra
100,Virk21,2011,-31.05,-250.3166666,328.325,EC,64.13083333,-51.38611111,No,Tundra
115,Virk21,2009,-14.09009008,-673.8378378,659.7477477,EC,56.07562778,-115.4768806,No,Boreal
115,Virk21,2011,149.1891892,-627.4234234,629.9099099,EC,56.07562778,-115.4768806,No,Boreal
115,Virk21,2008,164.1081081,-509.7297298,673.8378378,EC,56.07562778,-115.4768806,No,Boreal
115,Virk21,2010,166.5945946,-701.1891892,703.6756757,EC,56.07562778,-115.4768806,No,Boreal
115,Virk21,2007,353.0810811,-213.009009,566.0900901,EC,56.07562778,-115.4768806,No,Boreal
136,Virk21,2005,-114.7012987,NA,NA,Ch,67.1,-50.26666667,Yes,Tundra
136,Virk21,2010,-101.5584416,NA,NA,Ch,67.1,-50.26666667,Yes,Tundra
136,Virk21,2012,-84.83116882,NA,NA,Ch,67.1,-50.26666667,Yes,Tundra
136,Virk21,2011,-79.45454549,NA,NA,Ch,67.1,-50.26666667,Yes,Tundra
136,Virk21,2006,-74.6753247,NA,NA,Ch,67.1,-50.26666667,Yes,Tundra
136,Virk21,2002,-71.09090912,NA,NA,Ch,67.1,-50.26666667,Yes,Tundra
136,Virk21,2008,-70.49350647,NA,NA,Ch,67.1,-50.26666667,Yes,Tundra
136,Virk21,2007,-67.50649353,NA,NA,Ch,67.1,-50.26666667,Yes,Tundra
136,Virk21,2003,-60.9350649,NA,NA,Ch,67.1,-50.26666667,Yes,Tundra
608,Virk21,2015,-107.0554737,-466.1418401,336.1795782,EC,64.703733,-148.313333,Yes,Boreal
608,Virk21,2013,-93.94625163,-407.3680854,268.8204435,EC,64.703733,-148.313333,Yes,Boreal
608,Virk21,2012,-68.97545182,-365.535644,243.1118525,EC,64.703733,-148.313333,Yes,Boreal
608,Virk21,2011,-43.45312582,-301.5384669,252.3865032,EC,64.703733,-148.313333,Yes,Boreal
608,Virk21,2014,0.758227384,-365.2482548,336.2801398,EC,64.703733,-148.313333,Yes,Boreal
609,Virk21,2012,-68.74077464,-289.768576,221.0278014,EC,64.69554722,-148.3208361,Yes,Boreal
609,Virk21,2011,-64.60487278,-295.6084278,231.003555,EC,64.69554722,-148.3208361,Yes,Boreal
609,Virk21,2015,-58.62635802,-367.1829592,290.6223485,EC,64.69554722,-148.3208361,Yes,Boreal
609,Virk21,2013,-38.19041173,-283.3397519,245.1493403,EC,64.69554722,-148.3208361,Yes,Boreal
609,Virk21,2014,-31.70569762,-421.5773804,360.8598898,EC,64.69554722,-148.3208361,Yes,Boreal
610,Virk21,2008,-62.24205646,-155.4129014,93.1708449,EC,68.607,-149.296,Yes,Tundra
610,Virk21,2011,-49.9510458,-111.9004691,63.34491649,EC,68.607,-149.296,Yes,Tundra
610,Virk21,2014,-49.14312894,-161.1440003,112.0008714,EC,68.607,-149.296,Yes,Tundra
610,Virk21,2009,-48.98401871,-115.1989262,66.21490746,EC,68.607,-149.296,Yes,Tundra
610,Virk21,2012,-13.34887377,-136.0816888,123.9682578,EC,68.607,-149.296,Yes,Tundra
610,Virk21,2010,-12.40894353,-83.76683968,69.42299714,EC,68.607,-149.296,Yes,Tundra
610,Virk21,2013,-5.630999104,-81.67539881,79.7012698,EC,68.607,-149.296,Yes,Tundra
610,Virk21,2015,20.0617028,-64.96978176,85.03148456,EC,68.607,-149.296,Yes,Tundra
611,Virk21,2012,-112.7787152,-223.5137663,110.7350511,EC,68.606,-149.304,Yes,Tundra
611,Virk21,2015,-108.0494539,-195.9095097,103.1737896,EC,68.606,-149.304,Yes,Tundra
611,Virk21,2008,-58.91221086,NA,32.48101391,EC,68.606,-149.304,Yes,Tundra
611,Virk21,2011,-36.45832718,-179.2958462,142.7644069,EC,68.606,-149.304,Yes,Tundra
611,Virk21,2014,-23.40799507,-154.3952771,130.987282,EC,68.606,-149.304,Yes,Tundra
611,Virk21,2010,-21.23460133,-79.838804,58.68836961,EC,68.606,-149.304,Yes,Tundra
611,Virk21,2009,-11.36711658,-46.14164854,34.77453186,EC,68.606,-149.304,Yes,Tundra
611,Virk21,2013,5.186231912,-57.0150427,69.66069469,EC,68.606,-149.304,Yes,Tundra
612,Virk21,2011,-95.32952425,-252.4228764,156.2635071,EC,68.606,-149.311,Yes,Tundra
612,Virk21,2009,-80.47247949,-221.2394535,140.7669741,EC,68.606,-149.311,Yes,Tundra
612,Virk21,2008,-67.29359394,-214.2072428,146.9136488,EC,68.606,-149.311,Yes,Tundra
612,Virk21,2010,-61.10858436,-116.2093604,57.78471479,EC,68.606,-149.311,Yes,Tundra
612,Virk21,2015,-39.34859771,-169.7999186,133.4839817,EC,68.606,-149.311,Yes,Tundra
612,Virk21,2014,-30.12883896,-166.288082,138.0564703,EC,68.606,-149.311,Yes,Tundra
612,Virk21,2013,-0.658780352,-163.5534847,171.6123135,EC,68.606,-149.311,Yes,Tundra
612,Virk21,2012,8.895404928,-115.0521889,123.8714076,EC,68.606,-149.311,Yes,Tundra
624,Virk21,2013,-126.3961291,-380.2716129,253.8903225,EC,64.8631,-111.65,Yes,Tundra
624,Virk21,2010,-121.3658064,-371.5019355,250.1361291,EC,64.8631,-111.65,Yes,Tundra
624,Virk21,2015,-94.24064519,-327.3270968,233.0864516,EC,64.8631,-111.65,Yes,Tundra
624,Virk21,2012,-70.76580642,-332.9954839,262.2296775,EC,64.8631,-111.65,Yes,Tundra
624,Virk21,2011,-67.49000004,-216.58,146.57,EC,64.8631,-111.65,Yes,Tundra
624,Virk21,2014,-42.76000003,-205.76,177.37,EC,64.8631,-111.65,Yes,Tundra
Adkinson_CA-WP2_tower1,ABC,2005,-96.563558,-278.73274,180.51002,EC,55.5375,-112.3343,Yes,Boreal
Adkinson_CA-WP2_tower1,ABC,2006,-89.254237,-259.579065,169.374164,EC,55.5375,-112.3343,Yes,Boreal
Adkinson_CA-WP2_tower1,ABC,2004,-77.495762,-268.93318,189.418709,EC,55.5375,-112.3343,Yes,Boreal
Adkinson_CA-WP3_tower2,ABC,2005,-162.319244,-460.640815,297.90266,EC,54.47,-113.32,No,Boreal
Adkinson_CA-WP3_tower2,ABC,2006,-78.281183,-359.97562,282.85841,EC,54.47,-113.32,No,Boreal
Adkinson_CA-WP3_tower2,ABC,2004,-47.520085,-293.01331,246.575226,EC,54.47,-113.32,No,Boreal
Alekseychik_RU-Murk_tower1,ABC,2015,-166,NA,NA,EC,60.9,68.7,No,Boreal
Alm_Ahvensalo_Ch01,ABC,1994,-127.2806531,NA,133.5257907,Ch,62.833333,30.883333,No,Boreal
Alm_Ahvensalo_Ch02,ABC,1994,-141.5915654,NA,232.1505497,Ch,62.833333,30.883333,No,Boreal
Alm_Ahvensalo_Ch03,ABC,1994,-138.8988598,NA,259.6778022,Ch,62.833333,30.883333,No,Boreal
Alm_Ahvensalo_Ch04,ABC,1994,-73.00118419,NA,269.7913216,Ch,62.833333,30.883333,No,Boreal
Alm_Salmisuo_Ch01,ABC,1993,-94.3699076,NA,NA,Ch,62.783333,30.933333,No,Boreal
Alm_Salmisuo_Ch02,ABC,1993,-122.5607072,NA,NA,Ch,62.783333,30.933333,No,Boreal
Alm_Salmisuo_Ch03,ABC,1993,-121.0850828,NA,NA,Ch,62.783333,30.933333,No,Boreal
Alm_Salmisuo_Ch04,ABC,1993,-75.1609256,NA,NA,Ch,62.783333,30.933333,No,Boreal
Aurela_FI-Kaa_tower1,ABC,2005,-98.17,-281.58,184.4,EC,69.14057,27.26985,No,Boreal
Aurela_FI-Kaa_tower1,ABC,2002,-96.33,-241.54,146.21,EC,69.14057,27.26985,No,Boreal
Aurela_FI-Kaa_tower1,ABC,2001,-85.48,-218.35,133.87,EC,69.14057,27.26985,No,Boreal
Aurela_FI-Kaa_tower1,ABC,1998,-74.86245975,NA,NA,EC,69.14057,27.26985,No,Boreal
Aurela_FI-Kaa_tower1,ABC,2006,-73.27,-237.83,165.56,EC,69.14057,27.26985,No,Boreal
Aurela_FI-Kaa_tower1,ABC,2000,-70.57,-222.04,152.78,EC,69.14057,27.26985,No,Boreal
Aurela_FI-Kaa_tower1,ABC,2004,-65.56,-228.28,164.03,EC,69.14057,27.26985,No,Boreal
Aurela_FI-Kaa_tower1,ABC,2007,-64.37,-250.91,188.15,EC,69.14057,27.26985,No,Boreal
Aurela_FI-Kaa_tower1,ABC,1997,-60.96560867,NA,NA,EC,69.14057,27.26985,No,Boreal
Aurela_FI-Kaa_tower1,ABC,1999,-60.45271143,NA,NA,EC,69.14057,27.26985,No,Boreal
Aurela_FI-Kaa_tower1,ABC,2003,-57.05,-202.61,146.87,EC,69.14057,27.26985,No,Boreal
Aurela_FI-Kaa_tower1,ABC,2008,-22.73,-206.52,185.1,EC,69.14057,27.26985,No,Boreal
Aurela_FI-Ken_tower2,ABC,2012,-341.857133,NA,NA,EC,67.98723,24.24305,No,Boreal
Aurela_FI-SamFell_tower3,ABC,2012,-143.314871,NA,NA,EC,67.9733,24.11565,No,Boreal
Aurela_FI-Sod_tower1,ABC,2012,-88.73,-500.62,412.89,EC,67.36238641,26.63859066,No,Boreal
Aurela_FI-Sod_tower1,ABC,2008,-68.92,-366.53,298.61,EC,67.36238641,26.63859066,No,Boreal
Aurela_FI-Sod_tower1,ABC,2006,-57.53,-459.64,403.11,EC,67.36238641,26.63859066,No,Boreal
Aurela_FI-Sod_tower1,ABC,2009,-54.73,-284.82,231.4,EC,67.36238641,26.63859066,No,Boreal
Aurela_FI-Sod_tower1,ABC,2004,-52.81,-409.78,357.66,EC,67.36238641,26.63859066,No,Boreal
Aurela_FI-Sod_tower1,ABC,2011,-52.56,-505.21,453.65,EC,67.36238641,26.63859066,No,Boreal
Aurela_FI-Sod_tower1,ABC,2005,-51.71,-391.34,340.32,EC,67.36238641,26.63859066,No,Boreal
Aurela_FI-Sod_tower1,ABC,2002,-48.12,-495.48,448.05,EC,67.36238641,26.63859066,No,Boreal
Aurela_FI-Sod_tower1,ABC,2003,-48.06,-406.52,359.46,EC,67.36238641,26.63859066,No,Boreal
Aurela_FI-Sod_tower1,ABC,2007,-47.99,-414.41,367.42,EC,67.36238641,26.63859066,No,Boreal
Aurela_FI-Sod_tower1,ABC,2001,-39.49,-460.39,421.89,EC,67.36238641,26.63859066,No,Boreal
Aurela_FI-Sod_tower1,ABC,2010,-38.47,-319.21,281.75,EC,67.36238641,26.63859066,No,Boreal
Aurela_RU-Tks_tower1,ABC,2014,-53.625484,-225.92924,173.30366,EC,71.59427,128.88782,Yes,Tundra
Aurela_RU-Tks_tower1,ABC,2012,-46.671274,-263.82108,218.14987,EC,71.59427,128.88782,Yes,Tundra
Aurela_RU-Tks_tower1,ABC,2013,-19.433133,-174.549,156.11605,EC,71.59427,128.88782,Yes,Tundra
Aurela_RU-Tks_tower1,ABC,2011,-18.081914,-219.16554,202.08363,EC,71.59427,128.88782,Yes,Tundra
Backstrand_StordalenMire_Ch01,ABC,2005,-45.61216542,NA,NA,Ch,68.366667,19.05,Yes,Tundra
Backstrand_StordalenMire_Ch01,ABC,2006,-35.59751372,NA,NA,Ch,68.366667,19.05,Yes,Tundra
Backstrand_StordalenMire_Ch01,ABC,2003,-23.90045435,NA,NA,Ch,68.366667,19.05,Yes,Tundra
Backstrand_StordalenMire_Ch01,ABC,2004,-19.99081168,NA,NA,Ch,68.366667,19.05,Yes,Tundra
Backstrand_StordalenMire_Ch02,ABC,2005,-54.27311007,NA,NA,Ch,68.366667,19.05,Yes,Tundra
Backstrand_StordalenMire_Ch02,ABC,2004,-42.60777059,NA,NA,Ch,68.366667,19.05,Yes,Tundra
Backstrand_StordalenMire_Ch02,ABC,2003,-36.90407849,NA,NA,Ch,68.366667,19.05,Yes,Tundra
Backstrand_StordalenMire_Ch02,ABC,2006,-34.26761798,NA,NA,Ch,68.366667,19.05,Yes,Tundra
Backstrand_StordalenMire_Ch03,ABC,2003,-113.2524794,NA,NA,Ch,68.366667,19.05,Yes,Tundra
Backstrand_StordalenMire_Ch03,ABC,2006,-94.26894294,NA,NA,Ch,68.366667,19.05,Yes,Tundra
Backstrand_StordalenMire_Ch03,ABC,2005,-92.4088962,NA,NA,Ch,68.366667,19.05,Yes,Tundra
Backstrand_StordalenMire_Ch03,ABC,2004,-68.0702523,NA,NA,Ch,68.366667,19.05,Yes,Tundra
BangYong_US-KOC_tower1,ABC,2016,-139.358,NA,NA,EC,64.8439,-163.7105,Yes,Tundra
Bergeron_CA-sOBS_tower1,ABC,2004,-83.443481,-465.80329,386.8904,EC,53.99,-105.12,No,Boreal
Boike_NO-Blv_tower1,ABC,2008,-10.51864328,NA,NA,EC,78.9216,11.8311,Yes,Tundra
Bret-Harte_US-ICs_tower1,ABC,2010,-96.42727227,-161.0827677,65.65549543,EC,68.6058,-149.311,Yes,Tundra
Bret-Harte_US-ICs_tower1,ABC,2012,-75.5979312,-196.8582391,122.2603079,EC,68.6058,-149.311,Yes,Tundra
Bret-Harte_US-ICs_tower1,ABC,2013,-73.5424256,-301.6468446,229.1044189,EC,68.6058,-149.311,Yes,Tundra
Bret-Harte_US-ICs_tower1,ABC,2009,-62.45404098,-192.3703756,130.9163347,EC,68.6058,-149.311,Yes,Tundra
Bret-Harte_US-ICs_tower1,ABC,2008,-58.31103412,-205.0889892,147.7779551,EC,68.6058,-149.311,Yes,Tundra
Bret-Harte_US-ICt_tower2,ABC,2009,-86.38025428,-134.9375034,49.55724909,EC,68.6063,-149.3041,Yes,Tundra
Bret-Harte_US-ICt_tower2,ABC,2010,-80.04295425,-191.1068208,112.0638665,EC,68.6063,-149.3041,Yes,Tundra
Bret-Harte_US-ICt_tower2,ABC,2008,-63.35526792,-110.1422898,47.7870219,EC,68.6063,-149.3041,Yes,Tundra
Cannone_Adventdalen1_Ch01,ABC,2013,22.805303,NA,NA,Ch,78.18506,15.92633,Yes,Tundra
Cannone_Adventdalen2_Ch02,ABC,2013,5.200524478,NA,NA,Ch,78.18511,15.92577,Yes,Tundra
Cannone_Adventdalen3_Ch03,ABC,2013,-100.7520743,NA,NA,Ch,78.18517,15.92551,Yes,Tundra
Cannone_Adventdalen4_Ch04,ABC,2013,-70.15791179,NA,NA,Ch,78.18529,15.92486,Yes,Tundra
Cannone_Adventdalen5_Ch05,ABC,2013,-32.42855569,NA,NA,Ch,78.18534,15.92644,Yes,Tundra
Cannone_Adventdalen6_Ch06,ABC,2013,-27.63337509,NA,NA,Ch,78.18539,15.92581,Yes,Tundra
Cannone_Adventdalen7_Ch07,ABC,2013,-47.10211686,NA,NA,Ch,78.18541,15.92515,Yes,Tundra
CA-SCB,ABC,2016,-49.21028967,-302.8640284,254.6537388,EC,61.3089,-121.2985,No,Boreal
CA-SCB,ABC,2017,-39.41131732,-261.6578806,223.2465633,EC,61.3089,-121.2985,No,Boreal
CA-SCB,ABC,2015,NA,NA,NA,EC,61.3089,-121.2985,No,Boreal
CA-SCB,ABC,2018,NA,NA,NA,EC,61.3089,-121.2985,No,Boreal
CA-SCB,ABC,2019,NA,NA,NA,EC,61.3089,-121.2985,No,Boreal
CA-SCB,ABC,2020,NA,NA,NA,EC,61.3089,-121.2985,No,Boreal
CA-SCB,ABC,2021,NA,NA,NA,EC,61.3089,-121.2985,No,Boreal
CA-SCB,ABC,2022,NA,NA,NA,EC,61.3089,-121.2985,No,Boreal
CA-SCC,ABC,2022,-73.83565929,-429.7964705,356.9608113,EC,61.308222,-121.299028,Yes,Boreal
CA-SCC,ABC,2016,-71.52740199,-442.88453,372.357128,EC,61.308222,-121.299028,Yes,Boreal
CA-SCC,ABC,2018,-61.7653422,-376.0300432,315.2647011,EC,61.308222,-121.299028,Yes,Boreal
CA-SCC,ABC,2019,-58.57853179,-349.9252709,292.3467391,EC,61.308222,-121.299028,Yes,Boreal
CA-SCC,ABC,2015,-56.79721798,-438.7018198,382.9046018,EC,61.308222,-121.299028,Yes,Boreal
CA-SCC,ABC,2017,-52.34999513,-416.7763226,365.4263275,EC,61.308222,-121.299028,Yes,Boreal
CA-SCC,ABC,2021,-49.50574765,-345.9820492,297.4763015,EC,61.308222,-121.299028,Yes,Boreal
CA-SCC,ABC,2014,-44.9442683,-362.5249272,318.5806589,EC,61.308222,-121.299028,Yes,Boreal
CA-SCC,ABC,2013,-36.27693562,-344.3010885,309.0241528,EC,61.308222,-121.299028,Yes,Boreal
CA-SCC,ABC,2020,NA,NA,NA,EC,61.308222,-121.299028,Yes,Boreal
CA-SMC,ABC,2019,-56.45622504,-466.5317718,411.0755468,EC,63.1533,123.255,Yes,Boreal
CA-SMC,ABC,2018,-41.47012654,-450.442765,409.9726384,EC,63.1533,123.255,Yes,Boreal
CA-SMC,ABC,2017,NA,NA,NA,EC,63.1533,123.255,Yes,Boreal
CA-SMC,ABC,2020,NA,NA,NA,EC,63.1533,123.255,Yes,Boreal
CA-SMC,ABC,2021,NA,NA,NA,EC,63.1533,123.255,Yes,Boreal
CA-SMC,ABC,2022,NA,NA,NA,EC,63.1533,123.255,Yes,Boreal
CA-TVC,ABC,2018,-106.9977141,-270.5625645,164.5648505,EC,68.7462,133.5017,Yes,Tundra
CA-TVC,ABC,2016,-96.9232634,-338.9831668,243.0599033,EC,68.7462,133.5017,Yes,Tundra
CA-TVC,ABC,2017,-83.62416016,-309.9997003,227.3755402,EC,68.7462,133.5017,Yes,Tundra
CA-TVC,ABC,2019,-77.82072219,-272.562471,195.7417489,EC,68.7462,133.5017,Yes,Tundra
CA-TVC,ABC,2020,-77.45735425,-247.5576321,171.1002778,EC,68.7462,133.5017,Yes,Tundra
CA-TVC,ABC,2013,-75.392288,-282.5339957,208.1417077,EC,68.7462,133.5017,Yes,Tundra
CA-TVC,ABC,2021,-73.26563589,-283.973528,211.7078921,EC,68.7462,133.5017,Yes,Tundra
CA-TVC,ABC,2022,-56.65751823,-285.2068527,229.5493345,EC,68.7462,133.5017,Yes,Tundra
CA-TVC,ABC,2014,NA,NA,NA,EC,68.7462,133.5017,Yes,Tundra
CA-TVC,ABC,2015,NA,NA,NA,EC,68.7462,133.5017,Yes,Tundra
Celis_EML_Ch01,ABC,2014,-116.9147688,-378.4438952,259.8713062,Ch,63.883056,-149.225556,Yes,Tundra
Celis_EML_Ch01,ABC,2013,-114.0042538,-360.1840759,257.1881675,Ch,63.883056,-149.225556,Yes,Tundra
Celis_EML_Ch01,ABC,2012,-90.73608463,-318.2428524,236.5902487,Ch,63.883056,-149.225556,Yes,Tundra
Celis_EML_Ch01,ABC,2011,-68.86338566,-238.2771876,175.2313423,Ch,63.883056,-149.225556,Yes,Tundra
Celis_EML_Ch01,ABC,2010,-48.436991,-233.5188907,193.7791418,Ch,63.883056,-149.225556,Yes,Tundra
Celis_EML_Ch01,ABC,2009,-19.15912984,-153.0673198,135.2851237,Ch,63.883056,-149.225556,Yes,Tundra
Christensen_NO-Adv_tower1,ABC,2012,-184.48478,-346.43746,164.52004,EC,78.186,15.923,Yes,Tundra
Christensen_NO-Adv_tower1,ABC,2015,-150.5956072,NA,NA,EC,78.186,15.923,Yes,Tundra
Christensen_NO-Adv_tower1,ABC,2013,-126.191264,-338.15581,212.96963,EC,78.186,15.923,Yes,Tundra
Coyne_Barrow_chamber_1_Belshe,SantaBarbs,1971,-29.64444444,NA,NA,Ch,71.22014,-156.68889,Yes,NA
Coyne_Barrow_chamber_1_Belshe,SantaBarbs,1972,-27.6,NA,NA,Ch,71.22014,-156.68889,Yes,NA
Coyne_Barrow_chamber_1_Belshe,SantaBarbs,1970,-25.55555556,NA,NA,Ch,71.22014,-156.68889,Yes,NA
Dolman_RU-Cok_tower1,ABC,2004,-129.42,-254.8,126.07,EC,70.82913889,147.4942778,Yes,Tundra
Dolman_RU-Cok_tower1,ABC,2005,-126.07,-270.72,145.66,EC,70.82913889,147.4942778,Yes,Tundra
Dolman_RU-Cok_tower1,ABC,2006,-91.67,-200.68,110.01,EC,70.82913889,147.4942778,Yes,Tundra
Dolman_RU-Cok_tower1,ABC,2009,-89.74,-180.2,91.46,EC,70.82913889,147.4942778,Yes,Tundra
Dolman_RU-Cok_tower1,ABC,2008,-82.87,-221.77,139.9,EC,70.82913889,147.4942778,Yes,Tundra
Dolman_RU-Cok_tower1,ABC,2003,-77.99,-208.58,131.59,EC,70.82913889,147.4942778,Yes,Tundra
Dolman_RU-Cok_tower1,ABC,2010,-61.13847853,-172.48887,113.6528112,EC,70.82913889,147.4942778,Yes,Tundra
Dyukarev_Siberia_Ch01,ABC,2017,-53.8462844,-313.55414,259.73838,Ch,60.9,68.7,No,Boreal
Dyukarev_Siberia_Ch01,ABC,2018,-33.784736,-240.95206,203.323879,Ch,60.9,68.7,No,Boreal
Dyukarev_Siberia_Ch02,ABC,2017,-99.352114,-220.47887,120.014084,Ch,60.9,68.7,No,Boreal
Dyukarev_Siberia_Ch02,ABC,2018,-47.568352,-180.276914,132.408515,Ch,60.9,68.7,No,Boreal
Elberling_GL-Dsk_tower1,ABC,2016,-111.4538,NA,NA,EC,69.253,-53.514,Yes,Tundra
Elberling_GL-Dsk_tower1,ABC,2014,-94.8675,NA,NA,EC,69.253,-53.514,Yes,Tundra
Elberling_GL-Dsk_tower1,ABC,2013,-94.6996,NA,NA,EC,69.253,-53.514,Yes,Tundra
Elberling_GL-Dsk_tower1,ABC,2017,-89.7832,NA,NA,EC,69.253,-53.514,Yes,Tundra
Elberling_GL-Dsk_tower1,ABC,2015,-77.1607,NA,NA,EC,69.253,-53.514,Yes,Tundra
Emmerton_CA-LHazen1_tower1,ABC,2012,-0.650697143,-55.14541908,55.49472195,EC,82.82255,-71.38085,Yes,Tundra
Emmerton_CA-LHazen2_tower2,ABC,2012,-61.27225175,-249.9574695,189.6852177,EC,81.83447,-71.38455,Yes,Tundra
Euskirchen_RU-Eusk_cher1_tower1,ABC,2015,-153.24791,NA,NA,EC,68.51351,161.53115,Yes,Boreal
Euskirchen_RU-Eusk_cher1_tower1,ABC,2013,-142.0492,NA,NA,EC,68.51351,161.53115,Yes,Boreal
Euskirchen_RU-Eusk_cher1_tower1,ABC,2012,-110.254896,NA,NA,EC,68.51351,161.53115,Yes,Boreal
Euskirchen_RU-Eusk_cher2_tower2,ABC,2014,-171.945499,NA,NA,EC,68.69808,161.538781,Yes,Boreal
Euskirchen_RU-Eusk_cher2_tower2,ABC,2015,-142.251583,NA,NA,EC,68.69808,161.538781,Yes,Boreal
Euskirchen_RU-Eusk_cher2_tower2,ABC,2013,-68.459747,NA,NA,EC,68.69808,161.538781,Yes,Boreal
Euskirchen_US-TFBog_tower2,ABC,2011,-121.20906,NA,NA,EC,64.69555,-148.3208,Yes,Boreal
Euskirchen_US-TFBog_tower2,ABC,2012,-119.283356,NA,NA,EC,64.69555,-148.3208,Yes,Boreal
Euskirchen_US-TFBog_tower2,ABC,2013,-94.786233,NA,NA,EC,64.69555,-148.3208,Yes,Boreal
Euskirchen_US-TFBS_tower1,ABC,2011,-95.972582,NA,NA,EC,64.69635,-148.3235,Yes,Boreal
Euskirchen_US-TFBS_tower1,ABC,2012,-92.90614,NA,NA,EC,64.69635,-148.3235,Yes,Boreal
Euskirchen_US-TFBS_tower1,ABC,2013,-64.417378,NA,NA,EC,64.69635,-148.3235,Yes,Boreal
Euskirchen_US-TFRF_tower3,ABC,2013,-222.829121,NA,NA,EC,64.703733,-148.313333,No,Boreal
Euskirchen_US-TFRF_tower3,ABC,2012,-130.14678,NA,NA,EC,64.703733,-148.313333,No,Boreal
Friborg_Seida_tower1,ABC,2008,-71.37015,-308.9811,238.6032,EC,67.05,62.933333,Yes,Tundra
Friborg_Se-St1_tower1,ABC,2014,-260.57727,-595.91343,336.33616,EC,68.3541488,19.050333,Yes,Tundra
Friborg_Se-St1_tower1,ABC,2013,-236.6999,-436.42026,200.72036,EC,68.3541488,19.050333,Yes,Tundra
Gasovic_FI-Salm_tower1,ABC,2007,-169.001219,-370.291985,202.514375,EC,62.7833,30.9333,No,Boreal
Gasovic_FI-Salm_tower1,ABC,2006,-132.589291,-374.82803,243.43982,EC,62.7833,30.9333,No,Boreal
GG_SOBS_Ch01,ABC,2003,NA,NA,NA,Ch,53.987,-105.118,No,Boreal
GG_SOBS_Ch01,ABC,2004,NA,NA,NA,Ch,53.987,-105.118,No,Boreal
GG_SOBS_Ch01,ABC,2005,NA,NA,NA,Ch,53.987,-105.118,No,Boreal
GG_SOBS_Ch01,ABC,2006,NA,NA,NA,Ch,53.987,-105.118,No,Boreal
GG_SOBS_Ch01,ABC,2007,NA,NA,NA,Ch,53.987,-105.118,No,Boreal
GG_SOBS_Ch01,ABC,2009,NA,NA,NA,Ch,53.987,-105.118,No,Boreal
Goeckede_RU-Ch2_tower2,ABC,2016,-160.5634514,NA,NA,EC,68.61689,161.35089,Yes,Tundra
Goeckede_RU-Ch2_tower2,ABC,2014,-108.5859392,NA,NA,EC,68.61689,161.35089,Yes,Tundra
Goeckede_RU-Ch2_tower2,ABC,2015,-103.260617,NA,NA,EC,68.61689,161.35089,Yes,Tundra
Goulden_CA-NS1_tower1,ABC,2004,-160.86898,-468.59792,308.72894,EC,55.87917,-98.48389,Yes,Boreal
Goulden_CA-NS1_tower1,ABC,2002,-121.408708,-502.09528,381.68651,EC,55.87917,-98.48389,Yes,Boreal
Goulden_CA-NS1_tower1,ABC,2005,-109.827325,-475.82681,366.99964,EC,55.87917,-98.48389,Yes,Boreal
Goulden_CA-NS1_tower1,ABC,2003,-88.817261,-486.32992,398.51269,EC,55.87917,-98.48389,Yes,Boreal
Goulden_CA-NS2_tower2,ABC,2004,-202.09495,-418.55648,217.46122,EC,55.90583,-98.52472,Yes,Boreal
Goulden_CA-NS2_tower2,ABC,2002,-170.73566,-461.46048,291.71924,EC,55.90583,-98.52472,Yes,Boreal
Goulden_CA-NS2_tower2,ABC,2003,-168.87907,-451.49708,283.61801,EC,55.90583,-98.52472,Yes,Boreal
Goulden_CA-NS2_tower2,ABC,2005,-132.277959,-410.30211,279.02443,EC,55.90583,-98.52472,Yes,Boreal
Goulden_CA-NS3_tower3,ABC,2004,-123.535277,-446.81515,324.27978,EC,55.91167,-98.38222,Yes,Boreal
Goulden_CA-NS3_tower3,ABC,2002,-105.23514,-381.59828,277.36283,EC,55.91167,-98.38222,Yes,Boreal
Goulden_CA-NS3_tower3,ABC,2003,-69.404968,-342.84921,274.44387,EC,55.91167,-98.38222,Yes,Boreal
Goulden_CA-NS3_tower3,ABC,2005,-57.960884,-533.26826,476.30719,EC,55.91167,-98.38222,Yes,Boreal
Goulden_CA-NS4_tower4,ABC,2004,-76.77993,-291.74416,215.96423,EC,55.91437,-98.380645,Yes,Boreal
Goulden_CA-NS4_tower4,ABC,2005,-66.275053,-323.66889,258.39424,EC,55.91437,-98.380645,Yes,Boreal
Goulden_CA-NS4_tower4,ABC,2003,-55.058881,-457.38832,403.33009,EC,55.91437,-98.380645,Yes,Boreal
Goulden_CA-NS5_tower5,ABC,2002,-176.5339,-514.54798,339.01439,EC,55.86306,-98.485,Yes,Boreal
Goulden_CA-NS5_tower5,ABC,2004,-154.295368,-516.42534,363.12991,EC,55.86306,-98.485,Yes,Boreal
Goulden_CA-NS5_tower5,ABC,2003,-150.284526,-598.45878,449.17413,EC,55.86306,-98.485,Yes,Boreal
Goulden_CA-NS5_tower5,ABC,2005,-137.32603,-540.27581,403.94978,EC,55.86306,-98.485,Yes,Boreal
Goulden_CA-NS6_tower6,ABC,2005,-111.929373,-390.98601,280.05704,EC,55.91667,-98.96444,Yes,Boreal
Goulden_CA-NS6_tower6,ABC,2004,-110.325557,-349.08982,239.76448,EC,55.91667,-98.96444,Yes,Boreal
Goulden_CA-NS6_tower6,ABC,2002,-103.526947,-342.28935,239.76231,EC,55.91667,-98.96444,Yes,Boreal
Goulden_CA-NS6_tower6,ABC,2003,-96.62396,-347.77449,252.15053,EC,55.91667,-98.96444,Yes,Boreal
Goulden_CA-NS7_tower7,ABC,2004,-68.544036,-329.46279,261.91863,EC,56.63583,-99.94833,Yes,Boreal
Goulden_CA-NS7_tower7,ABC,2005,-66.359249,-316.66041,251.30175,EC,56.63583,-99.94833,Yes,Boreal
Goulden_CA-NS7_tower7,ABC,2002,-57.245032,-388.35659,332.11193,EC,56.63583,-99.94833,Yes,Boreal
Goulden_CA-NS7_tower7,ABC,2003,-29.899746,-378.03824,349.13837,EC,56.63583,-99.94833,Yes,Boreal
Goulden_CA-Oas_tower1,ABC,2001,-454.52144,-1038.554,585.03163,EC,53.62889,-106.19779,No,Boreal
Goulden_CA-Oas_tower1,ABC,2000,-394.7925,-932.63537,538.84411,EC,53.62889,-106.19779,No,Boreal
Goulden_CA-Oas_tower1,ABC,1997,-387.77286,-957.89324,571.11852,EC,53.62889,-106.19779,No,Boreal
Goulden_CA-Oas_tower1,ABC,2006,-379.99248,-1050.8703,671.87813,EC,53.62889,-106.19779,No,Boreal
Goulden_CA-Oas_tower1,ABC,2009,-364.83968,-921.34486,557.50518,EC,53.62889,-106.19779,No,Boreal
Goulden_CA-Oas_tower1,ABC,2005,-362.81197,-949.07374,587.26177,EC,53.62889,-106.19779,No,Boreal
Goulden_CA-Oas_tower1,ABC,2010,-355.45226,-994.19889,639.74663,EC,53.62889,-106.19779,No,Boreal
Goulden_CA-Oas_tower1,ABC,1996,-345.09702,-957.90409,613.80707,EC,53.62889,-106.19779,No,Boreal
Goulden_CA-Oas_tower1,ABC,1999,-328.16854,-950.00281,622.83551,EC,53.62889,-106.19779,No,Boreal
Goulden_CA-Oas_tower1,ABC,1998,-325.70311,-995.42246,670.71811,EC,53.62889,-106.19779,No,Boreal
Goulden_CA-Oas_tower1,ABC,2008,-317.4413,-908.92161,592.47907,EC,53.62889,-106.19779,No,Boreal
Goulden_CA-Oas_tower1,ABC,2003,-276.39823,-791.93133,516.53279,EC,53.62889,-106.19779,No,Boreal
Goulden_CA-Oas_tower1,ABC,2002,-268.80974,-759.03382,491.22408,EC,53.62889,-106.19779,No,Boreal
Goulden_CA-Oas_tower1,ABC,2007,-252.68943,-873.05709,621.36766,EC,53.62889,-106.19779,No,Boreal
Goulden_CA-Oas_tower1,ABC,2004,-238.270431,-773.38527,536.11487,EC,53.62889,-106.19779,No,Boreal
Grelle_SE-Sk1_tower1,ABC,2007,5.37,-325.87,332.23,EC,60.125,17.91805556,No,Boreal
Grelle_SE-Sk1_tower1,ABC,2008,15.98,-277.99,294.67,EC,60.125,17.91805556,No,Boreal
Grelle_SE-Sk1_tower1,ABC,2005,23.46,-366.29,390.44,EC,60.125,17.91805556,No,Boreal
Grelle_SE-Sk1_tower1,ABC,2006,59.32,-321.71,382.03,EC,60.125,17.91805556,No,Boreal
Harazano_US-Cms_tower1,ABC,2003,-186.6266962,-267.4374988,81.81080257,EC,71.32019,-156.62227,Yes,Tundra
Harazano_US-Cms_tower1,ABC,1999,-172.6120534,-262.3772089,90.7651555,EC,71.32019,-156.62227,Yes,Tundra
Harazano_US-Cms_tower1,ABC,2002,-132.057632,-238.476565,107.4189331,EC,71.32019,-156.62227,Yes,Tundra
Harazano_US-Cms_tower1,ABC,2000,-82.44902655,-171.7741118,90.32508524,EC,71.32019,-156.62227,Yes,Tundra
Harazano_US-Cms_tower1,ABC,2005,-68.88555263,NA,NA,EC,71.32019,-156.62227,Yes,Tundra
Harazano_US-Cms_tower1,ABC,2001,-11.10440877,-118.6635191,108.5591103,EC,71.32019,-156.62227,Yes,Tundra
Harazano_US-Cms_tower1,ABC,2004,2.114492397,-114.2413929,117.3558853,EC,71.32019,-156.62227,Yes,Tundra
Harazano_US-HVa_tower1,ABC,1995,-78.2812878,-158.7137683,81.4311163,EC,69.1423,-148.8412,Yes,Tundra
Harazano_US-Sag_tower1,ABC,1996,-51.40652994,-138.6199054,88.21337543,EC,69.5056,-148.225,Yes,Tundra
Havikpak Creek,ABC,2021,-152.7010345,-464.4670359,312.7660015,EC,68.3203,133.5188,Yes,Boreal
Havikpak Creek,ABC,2020,-144.9151499,-464.8063862,320.8912364,EC,68.3203,133.5188,Yes,Boreal
Havikpak Creek,ABC,2018,-116.5543302,-395.0973324,279.5430023,EC,68.3203,133.5188,Yes,Boreal
Havikpak Creek,ABC,2019,-109.7822877,-409.065369,300.2830813,EC,68.3203,133.5188,Yes,Boreal
Havikpak Creek,ABC,2022,-108.0940018,-433.3863103,326.2923085,EC,68.3203,133.5188,Yes,Boreal
Havikpak Creek,ABC,2017,-95.39534774,-423.9386252,329.5432775,EC,68.3203,133.5188,Yes,Boreal
Havikpak Creek,ABC,2013,-77.64576314,-397.3385732,320.6928101,EC,68.3203,133.5188,Yes,Boreal
Havikpak Creek,ABC,2014,NA,NA,NA,EC,68.3203,133.5188,Yes,Boreal
Havikpak Creek,ABC,2015,NA,NA,NA,EC,68.3203,133.5188,Yes,Boreal
Havikpak Creek,ABC,2016,NA,NA,NA,EC,68.3203,133.5188,Yes,Boreal
Heffernan_Lutose_ch01,ABC,2017,-73.75780325,-253.8503825,181.0925793,Ch,59.485,-117.177,No,Boreal
Heffernan_Lutose_ch01,ABC,2018,-53.96584875,-203.4831604,150.5173116,Ch,59.485,-117.177,No,Boreal
Heffernan_Lutose_ch01,ABC,2016,-22.46190708,-177.9066348,156.4447277,Ch,59.485,-117.177,No,Boreal
Heffernan_Lutose_ch02,ABC,2017,-112.6212375,-283.7393817,170.1597061,Ch,59.485,-117.177,No,Boreal
Heffernan_Lutose_ch02,ABC,2018,-102.5743256,-296.6320779,192.2223196,Ch,59.485,-117.177,No,Boreal
Heffernan_Lutose_ch02,ABC,2016,-62.63902923,-288.1977437,222.2812179,Ch,59.485,-117.177,No,Boreal
Heffernan_Lutose_ch03,ABC,2016,NA,NA,123.3109375,Ch,59.485,-117.177,Yes,Boreal
Heffernan_Lutose_ch04,ABC,2017,NA,NA,113.9857362,Ch,59.485,-117.177,Yes,Boreal
Heffernan_Lutose_ch05,ABC,2017,-113.4666884,-217.571429,98.75628074,Ch,59.485,-117.177,No,Boreal
Heffernan_Lutose_ch05,ABC,2018,-31.20770648,-111.2071721,74.04304469,Ch,59.485,-117.177,No,Boreal
Heffernan_Lutose_ch05,ABC,2016,-13.6584601,-86.87397681,65.76708127,Ch,59.485,-117.177,No,Boreal
Heliasz_Abisko_tower_1_Virkkala,SantaBarbs,2006,-90.26415094,NA,NA,Ec,68.34805,19.04972,No,NA
Heliasz_Abisko_tower_1_Virkkala,SantaBarbs,2004,-9.547169811,NA,NA,Ec,68.34805,19.04972,No,NA
Illeris_Abisko_Ch01,ABC,1999,22.39193577,-170.672673,192.751826,Ch,68.316667,18.85,Yes,Tundra
IS-Gun_tower1,ABC,1997,NA,-511.72,305.01,EC,63.8333,-20.2166,No,Boreal
IS-Gun_tower1,ABC,1998,NA,-506.07,285.54,EC,63.8333,-20.2166,No,Boreal
Iwata_US-Rpf_tower1,ABC,2018,-223.3354157,-720.0671234,497.7317076,EC,65.11983333,-147.5123528,No,Boreal
Iwata_US-Rpf_tower1,ABC,2019,-217.1007938,-745.8672785,529.7664847,EC,65.11983333,-147.5123528,No,Boreal
Iwata_US-Rpf_tower1,ABC,2017,-166.5,-596.1,430.6,EC,65.11983333,-147.5123528,No,Boreal
Iwata_US-Rpf_tower1,ABC,2012,-107.3,-364.8,258.3,EC,65.11983333,-147.5123528,No,Boreal
Iwata_US-Rpf_tower1,ABC,2016,-91.4,-535.6,445.2,EC,65.11983333,-147.5123528,No,Boreal
Iwata_US-Rpf_tower1,ABC,2015,-85.1,-451.1,366.8,EC,65.11983333,-147.5123528,No,Boreal
Iwata_US-Rpf_tower1,ABC,2009,-82.8,-276.6,194.9,EC,65.11983333,-147.5123528,No,Boreal
Iwata_US-Rpf_tower1,ABC,2011,-79,-306.1,228.1,EC,65.11983333,-147.5123528,No,Boreal
Iwata_US-Rpf_tower1,ABC,2010,-58.7,-270,212.4,EC,65.11983333,-147.5123528,No,Boreal
Iwata_US-Rpf_tower1,ABC,2013,-42.3,-336.7,295.6,EC,65.11983333,-147.5123528,No,Boreal
Iwata_US-Rpf_tower1,ABC,2014,-24.3,-520.5,497.2,EC,65.11983333,-147.5123528,No,Boreal
Iwata_US-Uaf_tower1,ABC,2015,-136.3727564,-479.7221981,344.3494416,EC,64.86627,-147.85553,Yes,Boreal
Iwata_US-Uaf_tower1,ABC,2017,-102.4748291,-521.2508574,419.7760284,EC,64.86627,-147.85553,Yes,Boreal
Iwata_US-Uaf_tower1,ABC,2018,-102.3305412,-578.9276404,477.5970991,EC,64.86627,-147.85553,Yes,Boreal
Iwata_US-Uaf_tower1,ABC,2013,-102.0879476,-532.3335659,431.2456183,EC,64.86627,-147.85553,Yes,Boreal
Iwata_US-Uaf_tower1,ABC,2003,-94.35216927,-410.8802825,317.5281134,EC,64.86627,-147.85553,Yes,Boreal
Iwata_US-Uaf_tower1,ABC,2012,-89.56654366,-538.089212,449.5226683,EC,64.86627,-147.85553,Yes,Boreal
Iwata_US-Uaf_tower1,ABC,2008,-88.26216686,-500.2846414,413.0224746,EC,64.86627,-147.85553,Yes,Boreal
Iwata_US-Uaf_tower1,ABC,2016,-87.12960463,-433.9241811,347.7945764,EC,64.86627,-147.85553,Yes,Boreal
Iwata_US-Uaf_tower1,ABC,2004,-75.19428021,-565.5826126,491.3883323,EC,64.86627,-147.85553,Yes,Boreal
Iwata_US-Uaf_tower1,ABC,2014,-69.74838076,-566.9189217,498.170541,EC,64.86627,-147.85553,Yes,Boreal
Iwata_US-Uaf_tower1,ABC,2005,-65.81438833,-617.7072681,552.8928798,EC,64.86627,-147.85553,Yes,Boreal
Iwata_US-Uaf_tower1,ABC,2007,-54.39842642,-627.6934311,574.2950046,EC,64.86627,-147.85553,Yes,Boreal
Iwata_US-Uaf_tower1,ABC,2011,-51.81449221,-583.9779612,533.1634691,EC,64.86627,-147.85553,Yes,Boreal
Iwata_US-Uaf_tower1,ABC,2006,-37.85618574,-455.5492636,418.6930778,EC,64.86627,-147.85553,Yes,Boreal
Iwata_US-Uaf_tower1,ABC,2009,-37.80490192,-485.8821499,449.0772479,EC,64.86627,-147.85553,Yes,Boreal
Iwata_US-Uaf_tower1,ABC,2010,-27.23098325,-611.6410899,585.4101067,EC,64.86627,-147.85553,Yes,Boreal
Jarveoja_DegeroStormyr_Ch01,ABC,2016,-57.11342969,-109.6320297,53.5186,Ch,64.183333,19.55,No,Boreal
Jarveoja_DegeroStormyr_Ch01,ABC,2017,-53.82220441,-111.3414044,58.5192,Ch,64.183333,19.55,No,Boreal
Jarveoja_DegeroStormyr_Ch01,ABC,2015,-53.42620103,-100.299201,47.873,Ch,64.183333,19.55,No,Boreal
Kljun_CA-sOBS_tower2,ABC,2000,-59.06122953,-544.1576551,517.8889764,EC,53.99,-105.12,No,Boreal
Kljun_CA-sOBS_tower2,ABC,2002,-56.58174293,-554.9452434,520.0837706,EC,53.99,-105.12,No,Boreal
Kljun_CA-sOBS_tower2,ABC,2001,-47.48789736,-572.5677385,510.0877122,EC,53.99,-105.12,No,Boreal
Kljun_CA-sOBS_tower2,ABC,2003,-31.18069531,-546.3954387,498.7397113,EC,53.99,-105.12,No,Boreal
Kolari_FI-Var_tower1,ABC,2013,-112.3617896,-448.2386792,336.8768896,EC,67.7549,29.690137,No,Boreal
Kolari_FI-Var_tower1,ABC,2012,-109.3440752,-407.0168288,298.6727536,EC,67.7549,29.690137,No,Boreal
Kolari_FI-Var_tower1,ABC,2019,-92.9502152,-332.0149976,240.0647824,EC,67.7549,29.690137,No,Boreal
Kolari_FI-Var_tower1,ABC,2017,-92.9460032,-336.060224,244.1142208,EC,67.7549,29.690137,No,Boreal
Kolari_FI-Var_tower1,ABC,2018,-83.0635496,-423.9885968,341.9250472,EC,67.7549,29.690137,No,Boreal
Kolari_FI-Var_tower1,ABC,2014,-73.6461008,-414.3889304,341.7428296,EC,67.7549,29.690137,No,Boreal
Kolari_FI-Var_tower1,ABC,2015,-58.3699112,-346.3503992,288.980488,EC,67.7549,29.690137,No,Boreal
Kolari_FI-Var_tower1,ABC,2016,-53.7388496,-396.4331528,343.6943032,EC,67.7549,29.690137,No,Boreal
Kutzbach_RU-LRD1_tower1,ABC,2003,-44.1253421,NA,74.1320255,EC,72.37397895,126.4966949,Yes,Tundra
Kutzbach_RU-Sam_tower2,ABC,2008,-49.26146459,-116.5037849,68.24231977,EC,72.37037283,126.4817224,Yes,Tundra
Kutzbach_Samoylov_Tower_3_closedpath,ABC,2014,-31.54210738,-89.74905701,59.20695639,EC,72.3738231,126.4957919,Yes,Tundra
Kutzbach_Samoylov_Tower_3_closedpath,ABC,2016,-20.32933972,-66.7023032,47.37299788,EC,72.3738231,126.4957919,Yes,Tundra
Kutzbach_Samoylov_Tower_3_closedpath,ABC,2017,-16.59059925,-65.03350209,49.44288528,EC,72.3738231,126.4957919,Yes,Tundra
Kutzbach_Samoylov_Tower_3_closedpath,ABC,2015,-4.365286248,-48.62521565,45.25995672,EC,72.3738231,126.4957919,Yes,Tundra
Kutzbach_Samoylov_Tower_3_openpath,ABC,2013,-73.26117006,-115.3877356,43.12660312,EC,72.3738231,126.4957919,Yes,Tundra
Kutzbach_Samoylov_Tower_3_openpath,ABC,2015,-53.67534763,-123.6302548,70.95487046,EC,72.3738231,126.4957919,Yes,Tundra
Kutzbach_Samoylov_Tower_3_openpath,ABC,2014,-49.57141397,-151.7450458,103.1736307,EC,72.3738231,126.4957919,Yes,Tundra
Kutzbach_Samoylov_Tower_3_openpath,ABC,2010,-43.71722454,-135.365765,92.64857385,EC,72.3738231,126.4957919,Yes,Tundra
Kutzbach_Samoylov_Tower_3_openpath,ABC,2016,-35.31409121,-91.36310135,57.04899868,EC,72.3738231,126.4957919,Yes,Tundra
Kutzbach_Samoylov_Tower_3_openpath,ABC,2017,-31.83978923,-60.14417398,29.30442465,EC,72.3738231,126.4957919,Yes,Tundra
Kwon_US-BEO_tower2,ABC,2014,-38.72050042,NA,75.62037974,EC,71.2809,-156.5965,Yes,Tundra
Kwon_US-BES  _tower1,ABC,2014,-37.49745809,-91.24616637,54.74870828,EC,71.281,-156.6,Yes,Tundra
Lafleur_CA-DL1_tower1,ABC,2014,-56.07,-231.34,176.27,EC,64.8689,-111.5748,Yes,Tundra
Lafleur_CA-DL1_tower1,ABC,2010,-53.87,-246.74,193.87,EC,64.8689,-111.5748,Yes,Tundra
Lafleur_CA-DL1_tower1,ABC,2013,-47.31,-247.96,201.65,EC,64.8689,-111.5748,Yes,Tundra
Lafleur_CA-DL1_tower1,ABC,2009,-39.26,-182.38,144.12,EC,64.8689,-111.5748,Yes,Tundra
Lafleur_CA-DL1_tower1,ABC,2007,-33.13,-179.43,147.3,EC,64.8689,-111.5748,Yes,Tundra
Lafleur_CA-DL1_tower1,ABC,2015,-32.98,-213.72,181.74,EC,64.8689,-111.5748,Yes,Tundra
Lafleur_CA-DL1_tower1,ABC,2008,-32,-185.06,154.06,EC,64.8689,-111.5748,Yes,Tundra
Lafleur_CA-DL1_tower1,ABC,2011,-30.38,-186.36,156.98,EC,64.8689,-111.5748,Yes,Tundra
Lafleur_CA-DL1_tower1,ABC,2006,-21.5,-179.81,159.31,EC,64.8689,-111.5748,Yes,Tundra
Lafleur_CA-DL1_tower1,ABC,2012,-20.96,-189.52,169.56,EC,64.8689,-111.5748,Yes,Tundra
Lafleur_CA-DL1_tower1,ABC,2005,-8.74,-140.68,132.94,EC,64.8689,-111.5748,Yes,Tundra
Lafleur_CA-DL1_tower1,ABC,2004,11.81,-85.49,98.3,EC,64.8689,-111.5748,Yes,Tundra
Lafleur_CA-DL3_tower3,ABC,2014,-83.59,-251.94,169.35,EC,64.8722,-111.5486,Yes,Tundra
Lafleur_CA-DL3_tower3,ABC,2013,-82.67,-283.32,201.65,EC,64.8722,-111.5486,Yes,Tundra
Lafleur_CA-DL3_tower3,ABC,2011,-75.48,-255.53,181.05,EC,64.8722,-111.5486,Yes,Tundra
Lafleur_CA-DL3_tower3,ABC,2010,-63.06,-252.48,190.42,EC,64.8722,-111.5486,Yes,Tundra
Lafleur_CA-DL3_tower3,ABC,2015,-60.1,-254.87,195.77,EC,64.8722,-111.5486,Yes,Tundra
Lafleur_CA-DL3_tower3,ABC,2012,-52.14,-250.61,199.47,EC,64.8722,-111.5486,Yes,Tundra
Lafleur_CA-DL4_tower4,ABC,2013,-99.4,-334.23,235.83,EC,64.8631,-111.65,Yes,Tundra
Lafleur_CA-DL4_tower4,ABC,2010,-71.4,-281.28,210.88,EC,64.8631,-111.65,Yes,Tundra
Lafleur_CA-DL4_tower4,ABC,2012,-71.16,-305.91,235.75,EC,64.8631,-111.65,Yes,Tundra
Laurila_FI-Kns_tower1,ABC,2005,-240.45,-612.31,372.55,EC,60.64683333,24.356167,No,Boreal
Laurila_FI-Kns_tower1,ABC,2007,-236.33,-679.92,444.9,EC,60.64683333,24.356167,No,Boreal
Laurila_FI-Kns_tower1,ABC,2008,-198.18,-620.09,422.6,EC,60.64683333,24.356167,No,Boreal
Laurila_FI-Let_tower1,ABC,2011,-257.49054,-962.37404,705.8838,EC,60.64183,23.95952,No,Boreal
Laurila_FI-Let_tower1,ABC,2012,-112.623632,-982.49086,870.86572,EC,60.64183,23.95952,No,Boreal
Laurila_FI-Let_tower1,ABC,2010,-105.562636,-965.0722,860.5094,EC,60.64183,23.95952,No,Boreal
Laurila_FI-Lom_tower1,ABC,2009,-147.21,-430.61,284.71,EC,67.997239,24.209178,No,Boreal
Laurila_FI-Lom_tower1,ABC,2007,-135.89,-364.99,230.1,EC,67.997239,24.209178,No,Boreal
Laurila_FI-Lom_tower1,ABC,2008,-134.51,-333.17,199.66,EC,67.997239,24.209178,No,Boreal
Laurila_FI-Lom_tower1,ABC,2012,-131.6265582,NA,NA,EC,67.997239,24.209178,No,Boreal
Leffler_YKD_Ch01,ABC,2015,-179.7362,NA,275.776068,Ch,61.25,-165.62,No,Tundra
Leffler_YKD_Ch01,ABC,2016,-30.93257431,NA,316.4277189,Ch,61.25,-165.62,No,Tundra
Lindroth_SE-Fla_tower1,ABC,2002,-100.668608,-505.694528,406.02592,EC,64.11277777,19.45694444,No,Boreal
Lindroth_SE-Fla_tower1,ABC,2001,-71.93888,-441.589184,370.650304,EC,64.11277777,19.45694444,No,Boreal
Lindroth_SE-Kno_tower1,ABC,2006,-127.22,-1393.65,1267.43,EC,60.99825,16.21727778,No,Boreal
Lindroth_SE-Nor_tower1,ABC,2007,-129.82,-1054.9,925.77,EC,60.08649722,17.47950278,No,Boreal
Lindroth_SE-Nor_tower1,ABC,2005,-50.74,-362.18,311.82,EC,60.08649722,17.47950278,No,Boreal
Lindroth_SE-Nor_tower1,ABC,1999,-23.61,-595.88,573.58,EC,60.08649722,17.47950278,No,Boreal
Lindroth_SE-Nor_tower1,ABC,2006,-19.19,-789.95,772.07,EC,60.08649722,17.47950278,No,Boreal
Lindroth_SE-Nor_tower1,ABC,2003,64.42,-572.2,638.23,EC,60.08649722,17.47950278,No,Boreal
LopezBlanco_GL-NuF_tower1,ABC,2012,-70.52,-293.2,223.7,EC,64.1382,-51.3784,No,Tundra
LopezBlanco_GL-NuF_tower1,ABC,2013,-59.24,-205.2,146.9,EC,64.1382,-51.3784,No,Tundra
LopezBlanco_GL-NuF_tower1,ABC,2008,-57.83,-174.8,118,EC,64.1382,-51.3784,No,Tundra
LopezBlanco_GL-NuF_tower1,ABC,2010,-56.11,-204.9,149.7,EC,64.1382,-51.3784,No,Tundra
LopezBlanco_GL-NuF_tower1,ABC,2015,-49.44,-175.36,126.92,EC,64.1382,-51.3784,No,Tundra
LopezBlanco_GL-NuF_tower1,ABC,2009,-35.13,-154.9,120.8,EC,64.1382,-51.3784,No,Tundra
LopezBlanco_GL-NuF_tower1,ABC,2011,25.8,-94,120.8,EC,64.1382,-51.3784,No,Tundra
LopezBlanco_GL-NuF_tower1,ABC,2014,NA,NA,NA,EC,64.1382,-51.3784,No,Tundra
LopezBlanco_GL-ZaF_tower1,ABC,2016,-115.9,-292.9,157.2,EC,74.48143,-20.55452,Yes,Tundra
LopezBlanco_GL-ZaF_tower1,ABC,2011,-105.9,-295.3,194.8,EC,74.48143,-20.55452,Yes,Tundra
LopezBlanco_GL-ZaF_tower1,ABC,2017,-96,-252,157.3,EC,74.48143,-20.55452,Yes,Tundra
LopezBlanco_GL-ZaF_tower1,ABC,2013,-71.27,-259.2,162.9,EC,74.48143,-20.55452,Yes,Tundra
LopezBlanco_GL-ZaF_tower1,ABC,2014,-67.7,-231.55,150.7,EC,74.48143,-20.55452,Yes,Tundra
LopezBlanco_GL-ZaF_tower1,ABC,2008,-63.8,-252.8,152.6,EC,74.48143,-20.55452,Yes,Tundra
LopezBlanco_GL-ZaF_tower1,ABC,2015,-49.19,-190.88,133.9,EC,74.48143,-20.55452,Yes,Tundra
LopezBlanco_GL-ZaF_tower1,ABC,2018,11.06,-115.47,86.22,EC,74.48143,-20.55452,Yes,Tundra
Lund_DK-ZaH_tower1,ABC,2005,-34.42,-115.66,82.24,EC,74.47328,-20.5503,Yes,Tundra
Lund_DK-ZaH_tower1,ABC,2007,-31.09,-41.63,NA,EC,74.47328,-20.5503,Yes,Tundra
Lund_DK-ZaH_tower1,ABC,2006,-26.97,-82.53,56.56,EC,74.47328,-20.5503,Yes,Tundra
Lund_DK-ZaH_tower1,ABC,2008,-20.23,-69.38,50.45,EC,74.47328,-20.5503,Yes,Tundra
Lund_DK-ZaH_tower1,ABC,2009,-20.03,-76.79,57.76,EC,74.47328,-20.5503,Yes,Tundra
Lund_DK-ZaH_tower1,ABC,2000,-17.92,-57.16,40.24,EC,74.47328,-20.5503,Yes,Tundra
Lund_DK-ZaH_tower1,ABC,2003,-14.46,-75.97,62.2,EC,74.47328,-20.5503,Yes,Tundra
Lund_DK-ZaH_tower1,ABC,2004,-10.13,-92.94,83.5,EC,74.47328,-20.5503,Yes,Tundra
Lund_DK-ZaH_tower1,ABC,2002,-8.53,-116.24,108.4,EC,74.47328,-20.5503,Yes,Tundra
Lund_DK-ZaH_tower1,ABC,2010,-7.245236662,-126.6175964,106.3883581,EC,74.47328,-20.5503,Yes,Tundra
Lund_DK-ZaH_tower1,ABC,2001,-4.77,-64.74,60.97,EC,74.47328,-20.5503,Yes,Tundra
Lund_Kobbefjord_Ch01,ABC,2014,-854.2544597,-1189.83653,337.1456643,Ch,64.133333,-51.383333,Yes,Tundra
Lund_Kobbefjord_Ch01,ABC,2012,-722.8485863,-971.6642977,260.7781212,Ch,64.133333,-51.383333,Yes,Tundra
Lund_Kobbefjord_Ch01,ABC,2009,-439.2941883,-536.49964,121.7620335,Ch,64.133333,-51.383333,Yes,Tundra
Lund_Kobbefjord_Ch01,ABC,2010,-428.2061244,-590.7743319,182.1812813,Ch,64.133333,-51.383333,Yes,Tundra
Lund_Kobbefjord_Ch01,ABC,2008,-276.3479211,-458.8073752,174.6056123,Ch,64.133333,-51.383333,Yes,Tundra
Lund_Kobbefjord_Ch01,ABC,2011,-123.4889267,-241.2905779,135.6207629,Ch,64.133333,-51.383333,Yes,Tundra
Maanavilja_Kaamanen_Ch01,ABC,2007,43.26209236,NA,NA,Ch,69.133333,27.283333,Yes,Boreal
Machimura_RU-Nel_tower1,ABC,2006,-105.3191128,-202.3490303,98.0299175,EC,62.31583333,129.4997222,Yes,Boreal
Machimura_RU-Nel_tower1,ABC,2004,-47.94002679,-107.1362963,60.19626956,EC,62.31583333,129.4997222,Yes,Boreal
Machimura_RU-Nel_tower1,ABC,2001,-40.98075675,-104.4691197,64.48836296,EC,62.31583333,129.4997222,Yes,Boreal
Machimura_RU-Nel_tower1,ABC,2002,-32.84466516,-85.73582957,53.89116441,EC,62.31583333,129.4997222,Yes,Boreal
Machimura_RU-Nel_tower1,ABC,2003,-28.76958232,-87.73049521,59.96091289,EC,62.31583333,129.4997222,Yes,Boreal
Machimura_RU-Nel_tower1,ABC,2000,-28.70878139,-191.3613005,163.6525191,EC,62.31583333,129.4997222,Yes,Boreal
Margolis_CA-Obs_tower1,ABC,2009,-77.414748,-583.10665,506.69184,EC,53.98717,-105.11779,No,Boreal
Margolis_CA-Obs_tower1,ABC,2004,-76.799398,-523.83434,448.03488,EC,53.98717,-105.11779,No,Boreal
Margolis_CA-Obs_tower1,ABC,2008,-72.767476,-568.54161,496.77432,EC,53.98717,-105.11779,No,Boreal
Margolis_CA-Obs_tower1,ABC,2005,-71.703339,-561.08549,490.38212,EC,53.98717,-105.11779,No,Boreal
Margolis_CA-Obs_tower1,ABC,2002,-67.191165,-509.42275,443.23143,EC,53.98717,-105.11779,No,Boreal
Margolis_CA-Obs_tower1,ABC,2006,-63.834237,-541.33725,478.50261,EC,53.98717,-105.11779,No,Boreal
Margolis_CA-Obs_tower1,ABC,2000,-63.4471803,-526.84413,464.39668,EC,53.98717,-105.11779,No,Boreal
Margolis_CA-Obs_tower1,ABC,2003,-59.949317,-477.81391,418.86419,EC,53.98717,-105.11779,No,Boreal
Margolis_CA-Obs_tower1,ABC,2010,-59.492749,-608.80162,550.30884,EC,53.98717,-105.11779,No,Boreal
Margolis_CA-Obs_tower1,ABC,1999,-59.1140685,-508.05441,449.94014,EC,53.98717,-105.11779,No,Boreal
Margolis_CA-Obs_tower1,ABC,2007,-44.05292,-536.19838,493.14515,EC,53.98717,-105.11779,No,Boreal
Margolis_CA-Obs_tower1,ABC,2001,-41.6716209,-529.0721,488.40091,EC,53.98717,-105.11779,No,Boreal
Margolis_CA-Qfo_tower1,ABC,2004,-90.217221,-436.50207,347.28488,EC,49.6925,-74.34206,No,Boreal
Margolis_CA-Qfo_tower1,ABC,2006,-72.417145,-469.19684,397.77985,EC,49.6925,-74.34206,No,Boreal
Margolis_CA-Qfo_tower1,ABC,2010,-68.304313,-413.10854,345.80432,EC,49.6925,-74.34206,No,Boreal
Margolis_CA-Qfo_tower1,ABC,2009,-62.89782,-418.24896,356.35114,EC,49.6925,-74.34206,No,Boreal
Margolis_CA-Qfo_tower1,ABC,2007,-59.005398,-390.54736,332.54159,EC,49.6925,-74.34206,No,Boreal
Margolis_CA-Qfo_tower1,ABC,2005,-49.902279,-432.7427,383.8407,EC,49.6925,-74.34206,No,Boreal
Margolis_CA-Qfo_tower1,ABC,2008,-46.576351,-436.20385,390.62722,EC,49.6925,-74.34206,No,Boreal
Marushchak_Seida_Ch01,ABC,2008,-63.39372865,-181.994759,119.6010303,Ch,67.05,62.933333,Yes,Tundra
Marushchak_Seida_Ch02,ABC,2008,-86.58562457,-197.9378652,112.3522406,Ch,67.05,62.933333,Yes,Tundra
Marushchak_Seida_Ch03,ABC,2008,-223.4423956,-435.8607276,213.6718945,Ch,67.05,62.933333,Yes,Tundra
Mastepanov_Zackenberg_Ch01,ABC,2010,-51.82776723,NA,NA,Ch,74.479,-20.555,Yes,Tundra
Maximov_RU-Elg_tower1,ABC,2010,-212.1,-612.4,401.3,EC,60.016,133.824,Yes,Boreal
Maximov_RU-Elg_tower1,ABC,2012,-196.3,-488.5,293.2,EC,60.016,133.824,Yes,Boreal
Maximov_RU-Elg_tower1,ABC,2011,-180.9,-655.1,475.2,EC,60.016,133.824,Yes,Boreal
Maximov_RU-SkP_tower1,ABC,2001,-266.6083889,NA,NA,EC,62.255,129.168,Yes,Boreal
Maximov_RU-SkP_tower1,ABC,2006,-191.1,-563.3,373.2,EC,62.255,129.168,Yes,Boreal
Maximov_RU-SkP_tower1,ABC,2007,-175,-649.1,475.1,EC,62.255,129.168,Yes,Boreal
Maximov_RU-SkP_tower1,ABC,2012,-172.2,-479.4,308.2,EC,62.255,129.168,Yes,Boreal
Maximov_RU-SkP_tower1,ABC,2009,-171.8,-540.9,370.1,EC,62.255,129.168,Yes,Boreal
Maximov_RU-SkP_tower1,ABC,2014,-171.6,-519.2,348.6,EC,62.255,129.168,Yes,Boreal
Maximov_RU-SkP_tower1,ABC,2005,-161.1,-552,391.9,EC,62.255,129.168,Yes,Boreal
Maximov_RU-SkP_tower1,ABC,2013,-155,-516.8,362.8,EC,62.255,129.168,Yes,Boreal
Maximov_RU-SkP_tower1,ABC,2010,-138.7,-493.4,355.7,EC,62.255,129.168,Yes,Boreal
Maximov_RU-SkP_tower1,ABC,2008,-137.1,-435.8,299.7,EC,62.255,129.168,Yes,Boreal
McCaughey_CA-Gro_tower1,ABC,2010,-239.53427,-660.67981,422.14523,EC,48.2167,-82.1556,No,Boreal
McCaughey_CA-Gro_tower1,ABC,2004,-226.96005,-719.59252,493.63247,EC,48.2167,-82.1556,No,Boreal
McCaughey_CA-Gro_tower1,ABC,2011,-214.97638,-664.49622,450.51922,EC,48.2167,-82.1556,No,Boreal
McCaughey_CA-Gro_tower1,ABC,2009,-189.38805,-694.32039,505.93265,EC,48.2167,-82.1556,No,Boreal
McCaughey_CA-Gro_tower1,ABC,2006,-187.84983,-833.2317,646.38187,EC,48.2167,-82.1556,No,Boreal
McCaughey_CA-Gro_tower1,ABC,2012,-180.94458,-604.69164,424.74706,EC,48.2167,-82.1556,No,Boreal
McCaughey_CA-Gro_tower1,ABC,2005,-178.48194,-693.98683,516.50458,EC,48.2167,-82.1556,No,Boreal
McCaughey_CA-Gro_tower1,ABC,2007,-171.97101,-775.43437,604.46367,EC,48.2167,-82.1556,No,Boreal
McCaughey_CA-Gro_tower1,ABC,2008,-171.20221,-835.17478,664.97257,EC,48.2167,-82.1556,No,Boreal
McCaughey_CA-Gro_tower1,ABC,2013,-170.03289,-573.84044,404.80755,EC,48.2167,-82.1556,No,Boreal
McCaughey_CA-Man_tower1,ABC,2002,-100.935564,-445.3969,345.46115,EC,55.87962,-98.48081,No,Boreal
McCaughey_CA-Man_tower1,ABC,2001,-79.16445,-454.77905,376.6146,EC,55.87962,-98.48081,No,Boreal
McCaughey_CA-Man_tower1,ABC,2007,-74.324885,-448.58649,375.26176,EC,55.87962,-98.48081,No,Boreal
McCaughey_CA-Man_tower1,ABC,2003,-56.702935,-454.99295,399.29017,EC,55.87962,-98.48081,No,Boreal
McCaughey_CA-Man_tower1,ABC,2008,-46.158657,-405.18401,360.02557,EC,55.87962,-98.48081,No,Boreal
McCaughey_CA-Man_tower1,ABC,1996,-45.8530404,-469.41787,424.56509,EC,55.87962,-98.48081,No,Boreal
McCaughey_CA-Man_tower1,ABC,1997,-45.746729,-480.83672,436.08996,EC,55.87962,-98.48081,No,Boreal
McCaughey_CA-Man_tower1,ABC,1999,-42.676241,-467.53431,425.8581,EC,55.87962,-98.48081,No,Boreal
McCaughey_CA-Man_tower1,ABC,1994,-33.488523,-377.87642,345.38799,EC,55.87962,-98.48081,No,Boreal
McCaughey_CA-Man_tower1,ABC,2000,-29.01854,-399.07143,371.05258,EC,55.87962,-98.48081,No,Boreal
McCaughey_CA-Man_tower1,ABC,1995,-16.613146,-519.57153,503.95826,EC,55.87962,-98.48081,No,Boreal
McCaughey_CA-Man_tower1,ABC,1998,0.216754,-470.32338,471.54001,EC,55.87962,-98.48081,No,Boreal
Merbold_RU-Che_tower1,ABC,2003,-67.69,-219.49,152.5,EC,68.61304,161.34143,Yes,Tundra
Merbold_RU-Che_tower1,ABC,2004,-64.6,-194.68,130.77,EC,68.61304,161.34143,Yes,Tundra
Miyazaki_MO-UFRS_tower1,ABC,2011,-279.9998068,-599.8812083,319.1585631,EC,48.27333333,106.8508333,Yes,Boreal
Miyazaki_MO-UFRS_tower1,ABC,2012,-279.3556166,-484.0669723,209.5602555,EC,48.27333333,106.8508333,Yes,Boreal
Miyazaki_MO-UFRS_tower1,ABC,2010,-260.929859,-568.468702,309.2642662,EC,48.27333333,106.8508333,Yes,Boreal
Mkhabela_CA-SF1_tower1,ABC,2004,-67.479837,-518.55659,452.07697,EC,54.48503,-105.81757,No,Boreal
Mkhabela_CA-SF1_tower1,ABC,2005,3.304664,-615.04378,619.34832,EC,54.48503,-105.81757,No,Boreal
Mkhabela_CA-SF1_tower1,ABC,2006,31.694805,-705.18589,737.88085,EC,54.48503,-105.81757,No,Boreal
Mkhabela_CA-SF2_tower2,ABC,2005,-119.4675996,-843.68304,725.21518,EC,54.25392,-105.8775,No,Boreal
Mkhabela_CA-SF2_tower2,ABC,2003,-117.514953,-743.76787,627.2527,EC,54.25392,-105.8775,No,Boreal
Mkhabela_CA-SF2_tower2,ABC,2004,-116.1303163,-733.3528,618.22302,EC,54.25392,-105.8775,No,Boreal
Mkhabela_CA-SF2_tower2,ABC,2002,-31.415398,-865.30988,834.89659,EC,54.25392,-105.8775,No,Boreal
Mkhabela_CA-SF3_tower3,ABC,2003,-51.1762333,-319.92688,269.75016,EC,54.09156,-106.00526,No,Boreal
Mkhabela_CA-SF3_tower3,ABC,2004,-41.6102874,-272.39396,231.78353,EC,54.09156,-106.00526,No,Boreal
Mkhabela_CA-SF3_tower3,ABC,2005,-36.108922,-350.199,315.08983,EC,54.09156,-106.00526,No,Boreal
Mkhabela_CA-SF3_tower3,ABC,2006,-29.142137,-333.86696,305.72473,EC,54.09156,-106.00526,No,Boreal
Mkhabela_CA-SF3_tower3,ABC,2001,1.0667554,-298.54029,297.72332,EC,54.09156,-106.00526,No,Boreal
Mkhabela_HJP02_tower7,ABC,2005,55.13445156,-70.51327439,131.8586437,EC,53.15,-104.1,No,Boreal
Mkhabela_HJP02_tower7,ABC,2004,91.09213055,-62.90212558,153.9165617,EC,53.15,-104.1,No,Boreal
Mkhabela_HJP75_tower5,ABC,2004,-73.12373092,-375.9480038,307.8286031,EC,53.15,-104.1,No,Boreal
Mkhabela_HJP75_tower5,ABC,2005,-62.03073572,-370.8547888,313.8527479,EC,53.15,-104.1,No,Boreal
Mkhabela_HJP94_tower6,ABC,2005,-41.45041613,-243.6814164,196.1962851,EC,53.15,-104.116667,No,Boreal
Mkhabela_HJP94_tower6,ABC,2004,-10.21474397,-240.6471275,229.1302522,EC,53.15,-104.116667,No,Boreal
Nakai_US-Prr_tower1,ABC,2011,-113.8095208,-495.6262164,382.8166957,EC,65.12367,-147.48756,Yes,Boreal
Nakai_US-Prr_tower1,ABC,2012,-99.56788897,-498.2695207,399.7016317,EC,65.12367,-147.48756,Yes,Boreal
Nakai_US-Prr_tower1,ABC,2014,-91.11301891,-483.2400095,393.1269906,EC,65.12367,-147.48756,Yes,Boreal
Nakai_US-Prr_tower1,ABC,2016,-74.05367036,-452.5805898,379.5269194,EC,65.12367,-147.48756,Yes,Boreal
Nakai_US-Prr_tower1,ABC,2015,-43.99042867,-493.6313969,450.6409681,EC,65.12367,-147.48756,Yes,Boreal
Nakai_US-Prr_tower1,ABC,2013,-40.97423136,-696.2792664,656.305035,EC,65.12367,-147.48756,Yes,Boreal
Nielsen_Abisko_Ch01,ABC,2011,-101.0988797,-633.8962496,535.03123,Ch,68.35,18.816667,No,Tundra
Nilsson_SE-Deg_tower1,ABC,2008,-132.29,-196.64,65.65,EC,64.182029,19.556539,No,Boreal
Nilsson_SE-Deg_tower1,ABC,2005,-109.55,-239.55,131,EC,64.182029,19.556539,No,Boreal
Nilsson_SE-Deg_tower1,ABC,2001,-87.79,-205.29,118.81,EC,64.182029,19.556539,No,Boreal
Nilsson_SE-Deg_tower1,ABC,2003,-85.32,-313.75,229.43,EC,64.182029,19.556539,No,Boreal
Nilsson_SE-Deg_tower1,ABC,2004,-81.91,-230.09,148.87,EC,64.182029,19.556539,No,Boreal
Nilsson_SE-Deg_tower1,ABC,2002,-80.47,-265.92,186.45,EC,64.182029,19.556539,No,Boreal
Nilsson_SE-Deg_tower1,ABC,2007,-65.64,-213.88,149.24,EC,64.182029,19.556539,No,Boreal
Nilsson_SE-Deg_tower1,ABC,2006,-51.24,-202.55,152.93,EC,64.182029,19.556539,No,Boreal
Nilsson_SE-Deg_tower1,ABC,2009,-49.39,-172.03,123.64,EC,64.182029,19.556539,No,Boreal
Nykanen_Vaisjeaggi_Ch01,ABC,1999,-50.91294811,NA,28.70697926,Ch,69.816667,27.166667,Yes,Tundra
Nykanen_Vaisjeaggi_Ch01,ABC,1998,-47.68472267,NA,32.35811163,Ch,69.816667,27.166667,Yes,Tundra
Nykanen_Vaisjeaggi_Ch02,ABC,1999,-64.34912881,NA,49.54699295,Ch,69.816667,27.166667,Yes,Tundra
Oberbauer_Toolik_Ch01,ABC,1995,16.61291419,NA,NA,Ch,68.649722,-149.566667,Yes,Tundra
Oberbauer_Toolik_Ch01,ABC,1996,25.97346226,NA,200.7055942,Ch,68.649722,-149.566667,Yes,Tundra
Oechel00_HappyValley_Ch01,ABC,1995,15.03724587,NA,NA,Ch,69.15,-148.85,Yes,Tundra
Oechel95_Utqia?vik_Ch01,ABC,1992,-0.340778778,-69.65239786,73.37568031,Ch,71.322,-156.602,Yes,Tundra
Oechel98_PrudhoeBay_Ch01,ABC,1994,-12.43734773,-92.37005687,79.18133298,Ch,70.35,-148.55,Yes,Tundra
Oquist_Abisko_Ch01,ABC,1998,-186.7632252,NA,232.2362315,Ch,68.35,19.033333,No,Tundra
Oquist_Abisko_Ch01,ABC,1999,-177.1435066,NA,210.9029507,Ch,68.35,19.033333,No,Tundra
Oquist_Abisko_Ch01,ABC,2000,-122.9619611,NA,322.6078055,Ch,68.35,19.033333,No,Tundra
Oquist_Abisko_Ch02,ABC,1999,-108.6785882,NA,149.2910576,Ch,68.35,19.033333,No,Tundra
Oquist_Abisko_Ch02,ABC,2000,-70.18608072,NA,188.8205564,Ch,68.35,19.033333,No,Tundra
Oquist_Abisko_Ch02,ABC,1998,-16.72208651,NA,154.711758,Ch,68.35,19.033333,No,Tundra
Parmentier_NO-And_tower1,ABC,2012,-114.7497594,-216.0075881,100.3828323,EC,69.14278,16.02222,No,Tundra
Parmentier_NO-And_tower1,ABC,2011,-105.7103093,-238.2815938,129.2549939,EC,69.14278,16.02222,No,Tundra
Parmentier_NO-And_tower1,ABC,2013,-105.2843234,-238.153783,128.1234184,EC,69.14278,16.02222,No,Tundra
Parmentier_NO-And_tower1,ABC,2014,-98.97158808,-245.5766626,143.445609,EC,69.14278,16.02222,No,Tundra
Parmentier_NO-And_tower1,ABC,2010,-91.07430328,-191.4144423,98.17138492,EC,69.14278,16.02222,No,Tundra
Parmentier_NO-And_tower1,ABC,2009,-83.13378766,-243.7611088,170.4921342,EC,69.14278,16.02222,No,Tundra
Poyatos_Petsikko_Ch02,ABC,2008,-77.83042907,NA,NA,Ch,69.359825,27.231364,No,Tundra
Poyatos_Petsikko_Ch03,ABC,2008,-110.041775,NA,266.3801954,Ch,69.359825,27.231364,No,Tundra
Poyatos_Petsikko_Ch04,ABC,2008,41.3630019,-238.7963502,277.4640218,Ch,69.359825,27.231364,No,Tundra
Poyatos_Petsikko_Ch05,ABC,2008,-33.50617417,NA,351.2384583,Ch,69.359825,27.231364,No,Tundra
Poyatos_Petsikko_Ch07,ABC,2008,-129.2483964,-438.0695199,301.3434084,Ch,69.359825,27.231364,No,Tundra
Poyatos_Petsikko_Ch09,ABC,2008,-62.5161365,-311.7686952,247.7175839,Ch,69.359825,27.231364,No,Tundra
Poyatos_Petsikko_Ch10,ABC,2008,110.9913353,-69.72325553,185.6468291,Ch,69.359825,27.231364,No,Tundra
Poyatos_Petsikko_Ch12,ABC,2008,61.41040824,-64.816499,131.649633,Ch,69.359825,27.231364,No,Tundra
Rebmann_RU-Zot_tower1,ABC,2003,-216.41,-464.08,248.67,EC,60.8008,89.3507,No,Boreal
Rebmann_RU-Zot_tower1,ABC,2004,-205.3,-524.56,320.57,EC,60.8008,89.3507,No,Boreal
Rebmann_RU-Zot_tower1,ABC,2002,-182.94,-446.19,264.25,EC,60.8008,89.3507,No,Boreal
Rocha_US-An1_tower1,ABC,2008,122.7216638,NA,NA,EC,68.99,-150.28,No,Tundra
Rocha_US-An2_tower2,ABC,2008,44.15702975,NA,NA,EC,68.95,-150.21,No,Tundra
Rocha_US-An3_tower3,ABC,2008,-43.58698196,NA,NA,EC,68.93,-150.27,No,Tundra
Schuur_EML_Ch01,ABC,2006,-103.892299,NA,NA,Ch,63.883056,-149.225556,Yes,Tundra
Schuur_EML_Ch01,ABC,2004,-66.912089,NA,NA,Ch,63.883056,-149.225556,Yes,Tundra
Schuur_EML_Ch01,ABC,2005,-55.482241,NA,NA,Ch,63.883056,-149.225556,Yes,Tundra
Schuur_EML_Ch02,ABC,2006,-152.554583,NA,NA,Ch,63.883056,-149.225556,Yes,Tundra
Schuur_EML_Ch02,ABC,2004,-130.372366,NA,NA,Ch,63.883056,-149.225556,Yes,Tundra
Schuur_EML_Ch02,ABC,2005,-77.767415,NA,NA,Ch,63.883056,-149.225556,Yes,Tundra
Schuur_EML_Ch03,ABC,2006,-165.805185,NA,NA,Ch,63.883056,-149.225556,Yes,Tundra
Schuur_EML_Ch03,ABC,2004,-109.027546,NA,NA,Ch,63.883056,-149.225556,Yes,Tundra
Schuur_EML_Ch03,ABC,2005,-43.184921,NA,NA,Ch,63.883056,-149.225556,Yes,Tundra
Schuur_US-EML_tower1,ABC,2015,-187.6514918,-471.6377423,284.9862505,EC,63.8784,-149.2536,Yes,Tundra
Schuur_US-EML_tower1,ABC,2021,-150.6396327,-420.7445853,271.1049526,EC,63.8784,-149.2536,Yes,Tundra
Schuur_US-EML_tower1,ABC,2010,-150.5120989,-347.0717825,195.5433471,EC,63.8784,-149.2536,Yes,Tundra
Schuur_US-EML_tower1,ABC,2019,-133.7008983,-386.3113021,253.6104039,EC,63.8784,-149.2536,Yes,Tundra
Schuur_US-EML_tower1,ABC,2020,-132.0078048,-400.8018434,269.7940386,EC,63.8784,-149.2536,Yes,Tundra
Schuur_US-EML_tower1,ABC,2008,-127.9637479,-324.2755102,197.3117623,EC,63.8784,-149.2536,Yes,Tundra
Schuur_US-EML_tower1,ABC,2009,-122.0080654,-350.0095182,235.4109551,EC,63.8784,-149.2536,Yes,Tundra
Schuur_US-EML_tower1,ABC,2011,-121.2229385,-285.0249512,168.7213026,EC,63.8784,-149.2536,Yes,Tundra
Schuur_US-EML_tower1,ABC,2018,-119.7686869,-381.2819499,262.5132631,EC,63.8784,-149.2536,Yes,Tundra
Schuur_US-EML_tower1,ABC,2017,-118.6122585,-376.2658921,258.6536337,EC,63.8784,-149.2536,Yes,Tundra
Schuur_US-EML_tower1,ABC,2013,-102.6186654,-363.1790141,263.4954945,EC,63.8784,-149.2536,Yes,Tundra
Schuur_US-EML_tower1,ABC,2012,-101.8658187,-313.544703,207.7660847,EC,63.8784,-149.2536,Yes,Tundra
Schuur_US-EML_tower1,ABC,2014,-81.31495106,-295.9386229,213.7458851,EC,63.8784,-149.2536,Yes,Tundra
Schuur_US-EML_tower1,ABC,2016,-78.57801076,-318.9721486,241.3941379,EC,63.8784,-149.2536,Yes,Tundra
Shaver_US-ICh_tower1,ABC,2010,-78.74854531,-240.1019921,162.3534468,EC,68.6068,-149.2958,Yes,Tundra
Shaver_US-ICh_tower1,ABC,2012,-74.71768118,-234.253339,160.5356578,EC,68.6068,-149.2958,Yes,Tundra
Shaver_US-ICh_tower1,ABC,2013,-68.9486551,-160.0783179,92.12966282,EC,68.6068,-149.2958,Yes,Tundra
Shaver_US-ICh_tower1,ABC,2009,-55.31189618,-133.4888496,79.17695341,EC,68.6068,-149.2958,Yes,Tundra
Shaver_US-ICh_tower1,ABC,2008,-51.39128717,-141.3474056,90.95611848,EC,68.6068,-149.2958,Yes,Tundra
Startsev_Anzac_Ch01,ABC,2007,-246.106835,NA,178.8929645,Ch,56.4,-111.03,Yes,Boreal
Startsev_Anzac_Ch01,ABC,2008,-242.6827881,NA,140.6335418,Ch,56.4,-111.03,Yes,Boreal
Startsev_Anzac_Ch01,ABC,2009,-168.1864048,NA,87.57156073,Ch,56.4,-111.03,Yes,Boreal
Startsev_Anzac_Ch02,ABC,2007,NA,NA,NA,Ch,56.4,-111.03,Yes,Boreal
Startsev_Anzac_Ch02,ABC,2008,NA,NA,NA,Ch,56.4,-111.03,Yes,Boreal
Startsev_Anzac_Ch02,ABC,2009,NA,NA,NA,Ch,56.4,-111.03,Yes,Boreal
Startsev_FortSimpson_Ch03,ABC,2007,-94.53088012,NA,10.84105394,Ch,61.63,-121.4,Yes,Boreal
Startsev_FortSimpson_Ch03,ABC,2008,-88.42038098,NA,9.199308169,Ch,61.63,-121.4,Yes,Boreal
Startsev_FortSimpson_Ch04,ABC,2007,NA,NA,NA,Ch,61.63,-121.4,Yes,Boreal
Startsev_FortSimpson_Ch04,ABC,2008,NA,NA,NA,Ch,61.63,-121.4,Yes,Boreal
Startsev_FortSimpson_Ch04,ABC,2009,NA,NA,NA,Ch,61.63,-121.4,Yes,Boreal
Startsev_Inuvik_Ch07,ABC,2009,-25.13945224,NA,26.43764599,Ch,68.32,-133.43,Yes,Boreal
Startsev_Inuvik_Ch07,ABC,2007,-14.57276679,NA,20.5584827,Ch,68.32,-133.43,Yes,Boreal
Startsev_Inuvik_Ch08,ABC,2007,NA,NA,NA,Ch,68.32,-133.43,Yes,Boreal
Startsev_Inuvik_Ch08,ABC,2008,NA,NA,NA,Ch,68.32,-133.43,Yes,Boreal
Startsev_Inuvik_Ch08,ABC,2009,NA,NA,NA,Ch,68.32,-133.43,Yes,Boreal
Startsev_NormanWells_Ch05,ABC,2008,-58.27294822,NA,NA,Ch,65.21,-127.01,Yes,Boreal
Startsev_NormanWells_Ch05,ABC,2007,-56.77167088,NA,12.3426602,Ch,65.21,-127.01,Yes,Boreal
Startsev_NormanWells_Ch06,ABC,2008,-122.4221193,NA,52.69705159,Ch,65.21,-127.01,Yes,Boreal
Startsev_NormanWells_Ch06,ABC,2009,-109.2837679,NA,78.52101427,Ch,65.21,-127.01,Yes,Boreal
Startsev_NormanWells_Ch06,ABC,2007,-70.64853547,NA,33.31324198,Ch,65.21,-127.01,Yes,Boreal
Strachan_CA-LLC_tower1,ABC,2008,-79.75061802,-247.49026,156.223302,EC,52.29027778,-75.25416667,No,Boreal
Strachan_CA-LLC_tower1,ABC,2009,-70.69636361,-204.219041,130.343754,EC,52.29027778,-75.25416667,No,Boreal
Strachan_CA-LLC_tower1,ABC,2010,-41.08277521,-175.690646,130.767241,EC,52.29027778,-75.25416667,No,Boreal
Strachan_CA-LLC_tower1,ABC,2012,-18.03412826,-96.881245,100.861716,EC,52.29027778,-75.25416667,No,Boreal
Strachan_CA-LLC_tower1,ABC,2011,2.907473432,-116.02501,114.572834,EC,52.29027778,-75.25416667,No,Boreal
Syed_CA-WP1_tower1,ABC,2004,-189.4767171,-527.4869913,375.0213934,EC,54.95384,-112.46698,No,Boreal
TornDengel_US-NGB_tower1,ABC,2015,-111.5472088,NA,NA,EC,71.283333,-156.615556,Yes,Tundra
TornDengel_US-NGB_tower1,ABC,2013,-105.8073994,NA,NA,EC,71.283333,-156.615556,Yes,Tundra
TornDengel_US-NGB_tower1,ABC,2017,-93.31786697,NA,NA,EC,71.283333,-156.615556,Yes,Tundra
TornDengel_US-NGB_tower1,ABC,2014,-85.42411512,NA,NA,EC,71.283333,-156.615556,Yes,Tundra
TornDengel_US-NGB_tower1,ABC,2018,-78.49358811,NA,NA,EC,71.283333,-156.615556,Yes,Tundra
Tuittila_FI-Sii_tower1,ABC,2012,-128.7418017,-313.881026,186.1392243,EC,61.83265,24.19285,No,Boreal
Tuittila_FI-Sii_tower1,ABC,2013,-115.1906794,-330.8886709,216.6979915,EC,61.83265,24.19285,No,Boreal
Tuittila_FI-Sii_tower1,ABC,2015,-111.7886987,-297.4566233,186.6679246,EC,61.83265,24.19285,No,Boreal
Tuittila_FI-Sii_tower1,ABC,2011,-102.7876181,-346.8146772,245.0270591,EC,61.83265,24.19285,No,Boreal
Tuittila_FI-Sii_tower1,ABC,2010,-94.42467282,-275.3831026,181.9584298,EC,61.83265,24.19285,No,Boreal
Ueyama_US-CR-Fire_tower1,ABC,2013,-55.38361909,-250.7393713,196.3557522,EC,65.396775,-149.1214944,No,Boreal
Ueyama_US-CR-Fire_tower1,ABC,2014,-43.60360883,-288.0852593,245.4816505,EC,65.396775,-149.1214944,No,Boreal
Ueyama_US-CR-Fire_tower1,ABC,2012,-15.52051596,-225.9349959,211.4144799,EC,65.396775,-149.1214944,No,Boreal
Ueyama_US-CR-Fire_tower1,ABC,2011,95.57827622,-38.74902579,135.327302,EC,65.396775,-149.1214944,No,Boreal
Varlagin_RU-Fyo_tower1,ABC,2009,-115.61,-1034.97,920.67,EC,56.4615278,32.9220833,No,Boreal
Varlagin_RU-Fyo_tower1,ABC,2007,-60.3,-974.13,915.45,EC,56.4615278,32.9220833,No,Boreal
Varlagin_RU-Fyo_tower1,ABC,2002,-54.08,-767.51,715.04,EC,56.4615278,32.9220833,No,Boreal
Varlagin_RU-Fyo_tower1,ABC,2005,-46.3,-911.07,866.07,EC,56.4615278,32.9220833,No,Boreal
Varlagin_RU-Fyo_tower1,ABC,2006,-36.94,-921.55,885.61,EC,56.4615278,32.9220833,No,Boreal
Varlagin_RU-Fyo_tower1,ABC,2008,-20.63,-909.6,890.27,EC,56.4615278,32.9220833,No,Boreal
Varlagin_RU-Fyo_tower1,ABC,2004,-2.13,-772.27,771.14,EC,56.4615278,32.9220833,No,Boreal
Varlagin_RU-Fyo_tower1,ABC,2003,20.14,-787.29,808.12,EC,56.4615278,32.9220833,No,Boreal
Varlagin_RU-Fyo_tower1,ABC,2010,49.18,-667.77,717.95,EC,56.4615278,32.9220833,No,Boreal
Varlagin_RU-Fyo_tower1,ABC,2000,78.36,-800.89,880.25,EC,56.4615278,32.9220833,No,Boreal
Varlagin_RU-Fyo_tower1,ABC,2001,104.3,-900.63,1005.62,EC,56.4615278,32.9220833,No,Boreal
Varlagin_RU-Fyo_tower1,ABC,1999,105.77,-876.48,983.25,EC,56.4615278,32.9220833,No,Boreal
Vesala_FI-Hyy_tower1,ABC,2011,-290.3,-785.32,496.32,EC,61.84741,24.29477,No,Boreal
Vesala_FI-Hyy_tower1,ABC,2009,-282.96,-774.62,492.66,EC,61.84741,24.29477,No,Boreal
Vesala_FI-Hyy_tower1,ABC,2018,-277.029476,NA,NA,EC,61.84741,24.29477,No,Boreal
Vesala_FI-Hyy_tower1,ABC,2013,-274.5369224,-712.5646705,439.0277481,EC,61.84741,24.29477,No,Boreal
Vesala_FI-Hyy_tower1,ABC,2017,-271.6152416,NA,NA,EC,61.84741,24.29477,No,Boreal
Vesala_FI-Hyy_tower1,ABC,2012,-263.29,-724.01,461.42,EC,61.84741,24.29477,No,Boreal
Vesala_FI-Hyy_tower1,ABC,2015,-262.0841552,NA,NA,EC,61.84741,24.29477,No,Boreal
Vesala_FI-Hyy_tower1,ABC,2014,-261.1061936,NA,NA,EC,61.84741,24.29477,No,Boreal
Vesala_FI-Hyy_tower1,ABC,2007,-248.58,-671.65,424.37,EC,61.84741,24.29477,No,Boreal
Vesala_FI-Hyy_tower1,ABC,2006,-231.7,-616.48,385.16,EC,61.84741,24.29477,No,Boreal
Vesala_FI-Hyy_tower1,ABC,2010,-229.49,-715.81,487.32,EC,61.84741,24.29477,No,Boreal
Vesala_FI-Hyy_tower1,ABC,2016,-217.5727112,NA,NA,EC,61.84741,24.29477,No,Boreal
Vesala_FI-Hyy_tower1,ABC,2008,-214.28,-624.56,411.28,EC,61.84741,24.29477,No,Boreal
Vesala_FI-Hyy_tower1,ABC,2004,-213.4,-608.45,396.36,EC,61.84741,24.29477,No,Boreal
Vesala_FI-Hyy_tower1,ABC,2001,-212.28,-649.72,439.05,EC,61.84741,24.29477,No,Boreal
Vesala_FI-Hyy_tower1,ABC,2002,-207.46,-700.22,494.07,EC,61.84741,24.29477,No,Boreal
Vesala_FI-Hyy_tower1,ABC,2005,-205.54,-633.15,428.61,EC,61.84741,24.29477,No,Boreal
Vesala_FI-Hyy_tower1,ABC,2000,-195.28,-659.83,465.55,EC,61.84741,24.29477,No,Boreal
Vesala_FI-Hyy_tower1,ABC,1999,-181.78,-555.4,374.93,EC,61.84741,24.29477,No,Boreal
Vesala_FI-Hyy_tower1,ABC,2003,-178.44,-673.94,496.19,EC,61.84741,24.29477,No,Boreal
Voigt_Seida_Ch01,ABC,2013,62.92980128,-12.32653824,76.25633952,Ch,67.05,62.916667,Yes,Tundra
Vourlitis_UPAD_Ch01,ABC,1994,1.300526495,-28.239634,30.76966025,Ch,70.266667,-148.883333,Yes,Tundra
Vourlitis_UPAD_Ch02,ABC,1994,-3.101918783,-24.85138566,23.51081435,Ch,70.266667,-148.883333,Yes,Tundra
Zona_US-Atq_tower1,ABC,2004,-100.075779,-300.47004,201.39423,EC,70.4696,-157.4089,Yes,Tundra
Zona_US-Atq_tower1,ABC,2008,-86.777151,-203.28194,117.504975,EC,70.4696,-157.4089,Yes,Tundra
Zona_US-Atq_tower1,ABC,2005,-73.235421,-201.208474,128.973022,EC,70.4696,-157.4089,Yes,Tundra
Zona_US-Atq_tower1,ABC,2006,-69.38643,-174.86238,106.475857,EC,70.4696,-157.4089,Yes,Tundra
Zona_US-Atq_tower1,ABC,2007,-58.268714,-197.08039,139.811676,EC,70.4696,-157.4089,Yes,Tundra
Zona_US-Atq_tower1,ABC,2003,53.692715,24.3042748,30.388558,EC,70.4696,-157.4089,Yes,Tundra
Zona_US-Ivo_tower1,ABC,2007,-129.020882,-347.70102,219.68051,EC,68.4865,-155.7503,Yes,Tundra
Zona_US-Ivo_tower1,ABC,2004,-101.623547,-275.95524,175.33129,EC,68.4865,-155.7503,Yes,Tundra
Zona_US-Ivo_tower1,ABC,2005,-78.320599,-245.0501,167.72947,EC,68.4865,-155.7503,Yes,Tundra
Zona_US-Ivo_tower1,ABC,2006,-75.786597,-222.95051,148.163665,EC,68.4865,-155.7503,Yes,Tundra
Zyryanov_RU_IG_tower1,ABC,2017,-105.8,NA,NA,EC,67.4812,86.437267,Yes,Boreal
Zyryanov_RU_IG_tower1,ABC,2020,-79.90679046,NA,NA,EC,67.4812,86.437267,Yes,Boreal
Zyryanov_RU_IG_tower1,ABC,2019,-67.25409411,NA,NA,EC,67.4812,86.437267,Yes,Boreal
Zyryanov_RU_IG_tower1,ABC,2016,-55.75346765,NA,NA,EC,67.4812,86.437267,Yes,Boreal
Zyryanov_RU_Tura_tower1,ABC,2019,-145.24,NA,NA,EC,64.208888,100.463555,Yes,Boreal
Zyryanov_RU_Tura_tower1,ABC,2017,-122,NA,NA,EC,64.208888,100.463555,Yes,Boreal
Zyryanov_RU_Tura_tower1,ABC,2016,-104,NA,NA,EC,64.208888,100.463555,Yes,Boreal
Zyryanov_RU_Tura_tower1,ABC,2004,-58.14668271,-166.8555834,109.7089007,EC,64.208888,100.463555,Yes,Boreal
